id,embed
2505.00259,iYSMB4oFGBgJGZKEgRsWkoOEEp2JlYYZEBmUiBUPEwkRm4uWBo+ahg6BhZIQkYWXCYYYg4qIEA4Ch4iNjgoEEg8RBgqNk4ESjpCVCgKKkAIShhcGjxMCBQqIAAiJmYgHiQORCxgPAJQEk4gSlpQRgYsPCYqMkBOGi5gZhgSQFRGRlAqNk4OFkYKAkpIUgA2PhJUNBw+DjQWBioUOkBiUFIWKiomLBxAalQuRBocDFQ8cCw+UCQQHjo+Eh4YGFpMKAYcRjQeFBYqJE5OFjw6CmoKCDI8aAoMKkw0NkYcHk4uMgxQKhZaUhJGZBwGKDxOFCYMXEJMDAhYSBQoPhICHDRqRkpcSDgwGFROPgQgLgIGCEouIlAEYComKgo0Bi4YGhI8OCBgJkQcBopITkAOElAeFh4iWDQsSEoWGBIkKh4ELEocDAo6BjZEAEQ2BkYQDkg0DFhGBhBcRAQGCDYKPhocGFZQBDxCXAYcJBI4JmQgIlpOHAwKRhpETjQYIk4ERkRIkiQGWlg8MEIqAgRuBhI6FlgYYAQMCFoOOiwcXgoCJDYUDkAIJFAkFAYuNigeUB4QRkomDkocSmZAQhwICDJOFihSZBxWCExUCkRGBEhcGDY6LhpSEkAGGkZiIjgaDio4IgocEkAmHDxWFAYKPA4cOiYUGhpoGhRCBgwMHBosDiZOCiw4JB4MJkwkTD4mKgwIQBIiDkxOTFIiXBI+KiJGSi4EJCQCGkAsLhQQFlBWCC4uHDYMOh5CHgwyJigEGkx2EgoMLAoISiQIUBhGFBgWJhpGQjocHiBODiIuKgAKDhIwLiJOEBIMJmQYUDZAOiYmNCg8WDgKEjg4GEYoYEQ2HjI4KEAGCDI6YgAuSh4+Oh4WYEoQGiBEQlgyJA5CTFAeHgwICCwqRARGBigSQCQGCi4YIAoMTEY+FgIMKEZoSCYgAkIuIhxMMjA4PhIUFCAgKjREUiZkMjIeThAwGBwSEjwMShpcaFQmNgAYCBAMNmYiTk4aEBJCKlgsKgpGADISADpqHDAeXBpGHoIuFDIuKEgeMlgyEhIwBjZeCEBCADw6DBpGTiYyUAJEWg4yUjQUGlAYTEYOSFheCl4oCkpiRBAmTgpkOAYuYhZMFhAYBEZQOgYqKAg8HEgwUDJqHCJMDD5QEjAGFCZgKChSRgxCCARgXDgyND4iUiIYUkw4PhAMBEAeTkQkFCIeGhxaVAAQUgYwUgYSRhwwPD4wHBQGHFA8RBZSHhgmCDgUJAAgQhoUCiAMGA4wUA5CACQyTgQeDEYqJCRgGjBgBgggKDRCOjReNCweSjJGXiQABDwGPEBYBCocMlosQh4iCBwGIkgARDQwBAwCBB4uRA5UOCg==
2505.00268,lIaPkZiMjRGPCZeGDA6CAwSSmZmPgxmSExyWkA0WgxYPiomHAZObGgiFk5QWmAGYAwgCAg+OkwMCDpgRmwiMgg6RBAOUnAIUkAiaEpSKlQsMChoGjISGARGUgpkQl4kViAUGkRQDh5MRhgMUhYIFAwgSgZAHhBQSAocNlo+DEAoEkRAYkIGMloCHAJQWhgGFBpQBEIEPDIaAGRMCgRgJhYEIko4QBAsSko2DjYeRBQoZChIAko2HhpKNjowJDoGAEQaTgwqHEZKRAweJjI+Xmw8EgwUEBwMHAhMRkIkWCBEHlAkCggyJioKWiYWGgwoahosHAZqVComMgYyWjJUTDAqODIIBkwsPA4AGiYkKioESgJQFh5MNgo2NCZCCjwSUgosbhBWBlZiIoxGOhAgPi4aSDRCWhQeIEpCBjYABmA0GCQcLBI0DgYuHDRESEYKVBQECBYeHlQeHA46GjQUPioWOkY2FDgeGkJGTEYMGkROQhoyDFhKSgIYPhBEEi48FAAEkEgOVEgeBhAaACQgOEAkFmAQRBY4DBo2YiQiCBYCREY6BhgiJkwiHmoQHgQOUBI0KkJEHABWLBZeHBAUVhIOBgBKBEhiCGg0IBIEBBBEFEo6BhZEDE44KhJGHkJIHkYyOhI0PAQePlBMOFgkRDosBhokJDI0BCAICFAOPi4iAgIYRFYAEGRCChAGJC4yPiwwSDIIOkwKQiY+WB5eQiQSLBBMNE4YRChKHAhGDjxqJgpEQCgEOAgYEh4kViA6JAhuEBhGSghmGkYeGgRgJCYcEkI8LBZMHjgqKhAeCiwkVjIcPCZAFEICBjQYRhIwDkIODBoUOgYKLkRYMDgYQEA+UggGQDA4KlQOYlxANjo4DiYaLEYuNC44NkgUBgJgIAYgRiRAJBZITEYsEkACFEAEGlxEMBwmDiJMVGowFBYkGCxMDjAKNhwqFgZaSkYyBGIaCiRILDIQGmAeQCJCQhoQGkZAJDQAXEoWBCAODhoMEmACVjxIEAw2DggWHG5CYFYEAgICCEBaNCJIUoAuKEQ+BD4GGlYKIgIGRC5KEFJAGFRAEGpKDk46RFIsRgYQIAY2BEQAEhQ8GEQuRkxmGCpoHBACOEogIAYKKkoYWmQySCIIChJQQhQaDigcLhYQGCpSHgwAMjoGQEo6BhIICBowHgw+KEYGQEISJk4cBjoCRGAIHDQuIgoAQCw+JkwoCBwYAA5QJiwCSBQkIkAIGhIeNFYQICAaIAYaPCwiOBImFExGHhwoajo2ChIeHCQCFBY+EFpuDBxYOBQaFkBYXGRKKhAyQAA6RCI2EkASFjIwBEoESEZQRlIqFFomaigwSk4kOjI8REhCLAQiBEIsQCg==
2505.00347,kJCXipQECB2GCIkEEwgSjAURg5GFkgYaCRecjwkCiBMCkoSGFZiaghEPCZUUgpGagZUQiACSDwgChJUTlwqJBhIQEAWCkoEUiY2PDAABhwEahZAHjBULF4KUAYMJlAISBIiCEgiFCo4HioYOno6KAAaAAY2GBhSJi4cWl4+YEwQEiAsCm5KalBKCloeDkReFg5YIGYyIjQOMA4yRjROREgaZi5IBEooci4uEi4qMiA0aDhOSAQ6FhZGOF4aNDQaDkBANB4iDBoMDEYqEkpCRlQYFDAwWhIEQAIoQmIsVgo+LhJGBFoyYkAEECouSFwyLBQ8RkZQEihMDCgyJhYQTBhGQkYsKkgwUGoMOjQIAAAAFEYsNlAkVCwqMDYwLi5kDEIoMgxqHgIOBo46OBIYDiBCNEIOWEQCDAxCODIGUlg2GgQUNC4kEAwMBCwwGjBAICwaJBgYNkROME5EHEhKEh4KGDJUBBISCCJAMFYOAkRGBjBEJhoqIiZqHk4UJBIIQjAYmAweHDQCKAIINEBYKEpENmQMXhgyJCwiDjgcLDoOFFIOYAgYDCxAGjImRDw6UEgQJiQ8EDJGNh5MLjIgQAo8EDRGbFhaJAIUHEo0EhROBkpGRg5iJiowIipWLmAQEkQEIjoQElwuEBgyQEoOGiYIRC4QJhIcQCgqPioQGjAeDgwgLio0FgRIBmAoRBouQARKJBwqQjBKEEpKQipCMgYSVEpgTEAQJDhCKlRQLhQ+BgQEaBAMQgpEGhAWGgYwBhxkGBQAKgQgShYmCFIcQkQeHCZKXA4kJhQSEgYeADgIJmJQAhoUOFgSVh40SCQYKg4OEE4QNj4gBAYMJARGHB5ABBoObD4gMioKTkYoNhJKNBZiMFI4CigwTjg6KD4mVEpKNjRcOixGchIOHkhKJFZGHjYeOjIgThJGCBoWEDoYTERGGgYiBAoUFkgQBCYqGFwEKhQwRBo4HkJMAgo8RhwMRkYkPAZAbFIQShA+NkAIBkQuIlo6GC4ESAwMGhJAFBogCBJOOFhEGkY4GoAOKh4GFCQeQlAkSEwmBAYIFAhiGABAEEoqIg44AhRIPAZWEA4cCCQWFjQmQDxSRlQuKCpCQBYeDBokIhwGKCZyClZKMFoUSCpAWhIuAhwQRDoeOEZaVCZoIkYKEkIOCi4KLjgsEgQwUgRmTGQYOiYWFkg0ViAGDhZKWigEDEAAFhxGUi4wFgYYQjwEGkQwRBwMMEI+BCAmDjoaNmRCSFQwKhQUIB4MBiwQQAIkTA5MGFhKODIcED4EBgQwPBAONiIUVHAoRjxSEiAKMg5AQkpmCEACGhIARE44Jj4STjZCCkhgLjooRjIECCYQQCIORFoYJjg==
2505.00350,jpEEhpiJFBkBGJGLgQ8XjgAKiZ+MlwAUChmZixEVDwaBjIaLCJWbgwsKB5IblImbEQgHh4aIDgUFAoQIi4IHDhQJCweUm4YPCZCYC4yGkQIPCoaLiA0PExSTgpEGiQQOhYqBExYBDAcQmYQbmZCCE4sLCIKHiQ6NEI8YkAaSEwGEkQECkpSElRUDh5IQAw+AiJQMBwCPhYSGBRCIkRYEEgSUkIwCARIYlYmCkIWTGQsaFRCTCAMEA4UJDYALCZSRBI8CgoEBDIGOEIMFl4iPmgaPhQUaiAMJhIERlowSjI0OgoyHDIeUhJeVEosCCAKBCoEQgJYQBxQRgREFiYcFBhWTgpALkAYSFwMDjIYRAIULBpeAmYoXEYuXiZAMiY8EmI6ChBQNhoiBogyEC4WKlJSRhgGTAgUPAQaNgQeAkQMDB4cAhQUIlJSEDwMDkomQkwORCIURghCKEoMKEwkFkgKMDpADBwyCCoEKBgMEjBCYk5AJDoKQBZAQBQYIkAkSjQQkgwiHiAoJDQgIChsLCowFlQUblgCMDImVjAwUCQiIFoOTCgqFBIQKkIeUAQaPFgMKiY8IjQyDipAQBBATCZkPDIGREBYBFA4KBA4BDhcHkI6JBJSHhIgKhZOKlYMCCgILDQMIA4CBCxGIC48DBIgOg4WDiJMPDweLCIcGBAOKCIQXigoSAYiAggkLEAWBAxMQBBEKkgqWE4mEBZiPggCUA5UXDQWICwePjQUSkhkQCo0DEogGkZKFkAKCi4kFjhuXCA0Lk4MXA4IJCA0Ai4EHCJCNCI8KlRKaBQKGBwaFk5SJiZKOEQGJlQQSh4YRAokCDJIPgQCIhYMGAwAYEIiDCIoBBZAHlJGbjwmQjIwDg4+XFoqBAAMZmYODFIORGY2HiBGCiAOHgoIEggyOEZKGjoQNg5EEjY6ECZENC5EODxIMhIWMDgkSCAsFAokRFA6DBg0TgZARk5MAB4ECAIIIj5EMiJcbFgQPBAKDhw8Jl4WRj5COBQYJkwEQigELBYcQjJaRDAsBDJQOoZEEEgKRFYmImA+HAQUMjZSFDBCCBw0DiZCQkZGVAJUUBZSOh5KGhIIEhwCUGhOQkQuFCZiWg4KQgZILgYaTipgPkwYBEowRF4iBBIQEFIMPBZSBEZeOBoaBigSNhIwOCgKQjhQUBAoTjBKRBBSDjY0MhAuAgoMYgIuZjQEGB5IIihKakoIRkAIRAwKDgwwTAogQhAoBFRABBpGMkgmIFBaCDwEMBYIOi4QFiIMSBZWHDwuTAIwCFo+JAhIKhAEBiwMQGASSggyIhYKOhg2RgYoFjoQHDgKFCZWFl4cFAZYBBhAGiocZEgUPFIiCi4WVg4gagA==
2505.00358,hYuZBJiKGBmHEpsEAxELkomKDZAMhhCBEhyckRMQhAcDk4+YDQKdC4IShpgZhYWWjJINiwqTDIgHEJgXj40DCRIMgQOTlwARk4WXA42RigwRjQwEmQ+Cgg2DEocIk4QNkRAAChcNjpMThwgUg44GCIwSg4iEjBiMCgEbiA2UGQUBiBEIh5SNmA2TjZIEkZAHApkFCo6PkwsYCwKICRoLDQ4CkpGDEQYXko+GAwYCEwkWDQKShQGNjZGIBwMGEAiPEQcMg4SEGIYFAgeJl4GZnAuNDIUKAJCJEQmBmIkSAwwIhQ8IFpKJC4uTjogECYUMiAKDBJQBBhmLigaDi5YTAhGRgo0CigoOCYGSigANjY0RAYUHkJUUhZCDDgiFioIIjwQOihmEkZIDohMKAYWEAREQCIaYkgASDIGThQOAkQADiweGFoaJiYMCEocSjA2SBAIDg4oYBw+MgYOFAguHkYGMA4gDChaKAZMAFAIRkQoKlI6ACAaDkJiCjIQDAIoQBIEmgYOSEI6DDIyFgB0AAo4Ck4MTAA6MCgqDlBEFBRICAQiECo8NiBYLlZGBCBCSFJUSiogEhQwIB5IJioYQB5MIkBmMhAsAFQoQCgANGBkIhIyNiJmFAQMRko4AkI2JgRKQBJGSjIaEBBiFFYSHgJENl4IRlJcAgIiFCYuIA4OBggEOEoIMFQ6QlYsFioeHhgoFEwQVihWMgpCECY6RBxOQiouGCgUOgBgGiQQJhxmChwGBiYwOigIIkBYEkgoECBuGCAgXhBMQmIuMEYcUDpAMBJWRDJeHEIGRgoUNgQGJjI2GgoAIEQUHAQEJApIQi5AAAwASkpGMBAsEEwaKFQuKA4yRhYeBA4KSkgaUgIaBhZiWFoOFBgaAkBKMAo+LE4cCiIUOgQmRgoSChoSHBgEMkYeKiocEhwsDBJAKiJABARqCj40Bgw2BgJSRhwYFBpEKlQ2BDJYWmYGCDwyGh4WHjYKCjpIcGYKTCoSWBoEFjYCKhxCSCYMDkQoGiwGXhoKPAY2JFIaWA5mAoIaPAQyTEIqRloQFEIuTA5aIDYWIBwsDCYsDgZKMCIgHiJUDgoIIgAQLiAYCEQOKmBEGBZmVgI2OgJQRjBiNAo0RiwmKEoKDCJgVAAECA4gJEZGNE5WEio0KgwOFj5ALgROKiYiFkBkLjQOHCgEIgBQXlhEEEI4SBIeLhgUWB4KUkgqJAIIOkYwWig0FkAQWgokVCICQEAOCEAqNjIyDGIMGBQECC4UCCRIZgYoEAo4BBIEEgoMSEYoQAhMFFBICCBMWEgoOkgmEBgeUDIiMko0UB4KMBw4NDJUImY+ChI+HixUClpiNC4oEGQQNFYCHDIQUDQ==
2505.00472,joYDkpyXCBITCgSMlBcEAQOCiJiRkIsQCRmchxMXBJGSCIGKBpKhA4CEgYGCk4iUhYQECJiCjhaFigESk4IMAwIFigqOmZQNkwqQEYaTA4ITlgeHBwuPDw+SBgEZlQMLhIAGEwgOiYwQh4kYkYgFE4wMi5gQjBkOiIQZjoAFCxEMARMOlI2YmRCJBpISgpSFCYoBEYwCgJKUgQ2EjBsSFoOAlhOLBRESkgaJkoKUiIYYCgCSlpSMB46RjIAPE5KICYMSkYmWBoEBGoIHl4qQmomOBRcNl5CFERMFmZUaixUSjROCAIOYgY6Ug4aRhIMRkxMGE5uCkQmACYQBk5KCCgqOBAYJAg0RBYcAlA4Ik4qBjIcGkAgSDYmEEI4CgwIMjY8JkhiGiImSohOPhYiGjYgPFAaYigSUDAcEi4aSnBCWgoMOEwKKhpICEwQSh4aSiIeHDA8RBxWMCYEFBISCi4WVgQeBgReTDosTGQMJihOCA4gWCwySjJkADgUKkoQFgxMiBgcKEIOTghIGChEWDgEQmIUVDQCNgo+QhwEXhgkBCQaIAICMBQQOlo0DD4OTgQ+NkJGNhAIRi4wRAgQWA5eDjAyJgoQDEQUGCIEKARUMD40EDosBjI4YkYKKjIYUkJIagIICgYiDBQ+FFRGCHIOMhpAFggUDDQAKCoaMEgECiJABEgMYDAqOhQgRhJaLChAQhIsUhBKEBY2UjpmFjxWUA4YLEg4UERkMjoyNhguMFQkJBo0OjY2EhBMPhIaFjBmFAwyPBBkXCY8FAgkFFoyLgYcQkJMGEQuRGAGDgxGNkZcKgJQEFQKFjAkOBgEAg4qEAYsTEwSHhYIWhQESiBCPjIuOiYqCh4ONkAuMg5IBAY2YGQIBD4QQkQiHCpqZFZOHkBMDjRGUgw4Mhw+QAIcHhAMKlIEHgoEICYkKCpKCCxkVhgOLBIiFBY2FiQGHApGCAAgSEIoDiJELgokMhQsMkZQHkZQUDQWKEAsMAw0EmIWTBZOBAgIQkIEQBIqRBIqJjomMARKBCQaNngSDEYEHgooElY8MkY8FAIcBEAGQCxMEA46ZhZUBAQMQBY2BhIIQEZAPCY2XEoWBhwgTEJIDBhGEAoIZCpOQigsSmAICGIQGC4UDgwMMmIcAAQGOEpIBg4sNmImJDI2KAwSCiYcIhwaGBg+HCAGHjwQDgYEQEQ8ViYCViIAXDBEXhhOYAw0MgogUkQCTjAIEioqWDJWLhYgUjQSMhhKTAIgPiwCJgwiDjg8MA40KEZgOG4GPA44BDpWUARsUgoGIFQMRhA+FhgyPiRiDiACNhZgGBAKCgoaDEQiOAo2NFJKRBhANkwoMkIIDBAUAAYuVF5CDBg==
2505.00474,mIMHE5UAiSAEA5aDiAwIGgqVh5qRmI4ODgyWj4wHFYeVkA2BEAGbBAuABJkTiI6ZCAqSFRKPlwOEk5cGmIuRCRABEQGRmoKEhJKYC5OOipIHixORhggUFweJkQWMCgwHmQwKFg8ZBoQAmoYWi4IFFBAJjQMQj4gHg5EdhwCHFQmTiBIUA4SSlRKJBIUPBYcCD5cKCwWRBIAPEBSSkxgIAo4JCo8EDhAWkoYBhwWVERIQgIuTBIaBDZAACIsQA5OTkpAVAISTC4CBEZcGmIaZlAwCBwqDAYKNjoATk4MKABMMlISHBYoIDgaUkpAQFwsBCJIQgZWGBocJiwABkQKLDxSADo+ChgkEEpQJiQKQBJAMkQ4GlIENAgGVEJAFlAIKDZMUCxqCk4uDogOGiIERAgQDD4majoATCIUKDAiEkQKHEA0MDIUDjpGECYEVBQcFgRGNg4WMAREDCxmDApaHk46JBYeCDJcRC4wBAwEQkwyViwQQiw0Ej4MFggYMigsLAwElixaKEwwRAQECEhCACYiKipIXBA2QFgKMgRCBCosIEQeDFIoDCIwRlJKUgguLC4GFhYmEhRKRBJgLBYcWjAQOCweHihCEAwoShA6CCxUGgJCOCYgSA4QZipGRk4YPi5IEE5KFgYEOkBQCF4gCAAQJiQcWBgsIDxGJDxONA4ARho6EBYSFhQqBFYIFAo+DjoMCFgUClxMHhImTDpcDkI2OhYWCCQwMBg6HhomJjBEKF4IODZmIBIwSkgIMkoOBjRuLigsMARAMk5AGFAYCDIIAlJEHjpMLjQwCDQeJigEBlZYRBIEFEQCRlogMgBAJg4MCE4gPAYISkQ4WC4qCgwwEAQ2NhwQVjZaQkxQCA46HCpCaBouMG4cRkIYIDoaQEpEJkRURipGCAIoUkYKKFo6FEQkSCJQDjpcNhI4CEJQRBggNBYWMDgqBAZmShJGDGg+EDxQBE5sbkwKIkYsFBpELkJCJC5EYE4EABIWABw0Kl4yRgYaCgAQFkwUDCYCOCAwBk48IihoLFYoIoZGSEYUJkYKEkQ0PBo2QDomLAo8AAwWFiJWPh5OYFo4PA4wGio0UBAQCgQqGh4OPmIuRBJGEAoyJApIFiAEJkgIPkwCBChGFiIgJhwAVhowEDpQHGJOBiJsMjYKQCYaHCxQAiIMNCggRCogJCAwSkYcEkQ6OCAgCCpIIhAOMBZCDiQyCjIoIkgMOBYaOhosHi4EKB5GGhYMHEoyKEI6OEICUA4OOGY8Mig8GkACSg5GHFISSAIeGDQgBEwkYBIyFCQ4MCYUJgxGPjowEhZSEko0Dh4eSD4aDBQMGgAYZh52LBpIFCJgBAAoGEw+LEomUEQAZDQ==
2505.00533,k4yUEpMNCBoMF46EiBmPlYKIDpiSjIwLChaYmBUYFooTmgOKFZebBxMFBJQSkAaZBYUUlImGEAEAlpoGiIkFhA+CEgiPlAWHg46bDAGHCIsQiwoFkwWGEgSVCpCRhgSMgwYTgRERAZIVjpIXhYgQgZMRhIWEjBKFi4IYgYySGRcQgYEIhY+QlQ+LgY4QA42KAYAME5MJjISEGIMEBRqACQGEiYEFjQ0SkIyPCY2QEAwbEA6LhAEMBAeND4aDAJMBGQMLCJaDEYWVEZASlA6ZmBICDBERCQcGhAcEAwQTAYgUhRcWAZyNAoWGBAKLhBACiAQSjomGAQGWA4uKi4UMBxiHBwMChgsHgggHkISCgoEGiIqBloMZCoiKFouEjQ4DkoIEhRqFlAeJogSCEYoFkZCBEgiagYWEB4+Ig4WIlQaADA8NA5ODiwUBEpMEkAySiwMLBAcQjBiGgYYDERIJkZCPCpADCACQhYiKhoGBlBOKi4qJDYGSlJiGgwuFjIUDDBkkEoKUhYoDBwaChBQNDQYQgpEWEYqLAAOYk44ZDwmRBYAMCgWGigwKk4ySDoGEBRAGkZMChwGElo8GAQIFh4oFiBWTgQgRGRIKEhELEReQCpCFj5QEBI8LlI+KhJaHjwcQgogDAQIHgBmYDg4Kg5IRiY0Ng5AHEwuFAwQFgwmBBYgYDokMDYgHg4sQBIqZBhcHhYIRmRKPCoyTEIqShgqIB4gJCxOCAAsKiYAJixiPApKOBYcQlZeIkRmWhIuRlByVggwYEAoZlIkViQABBIGFhZUBAZYIhRAIh4WMkIWFkZQHmZGEBAGRigwTAoIQkI8EFIIQgwEBkQwOGgYXBxYEEoiIBoqNAo6blgiEiI4FCpaXEYoBDgQOkxOJFpOCE4IFlBGDgw+WAgYBhgeID5SMhwECCAETA5aKgYYHgJgSAAeADgiJiIQTAo2SigUCBw8EhhACE4gTj5CTCpIFCwuPlgYGgosUEIIKEQeZD4WPlAGRjxUHEIoNixOCg4uMgYiGlZGVARSDAZuEoYeJA4OEBgmHl5EEi4MFgJGHBQOKghMEBA2UioycC4kRA4KFjYIFgYsMjwYRCYiPkwYGEpCQCwyLC5MHgwWPB5cQjIaMGoARgpOAkxIMEAMNBISMEJOEAoaSio0Bh40OBxGIDJQLAg+PARiODw+QCwIIkIcRAooBAweXhIYLEQQQBQ2RjAgHiY8Wj5GSBhAOkAMCEIeGFAMThYOCD4yEBoOBDgEIFQYFFhAHkIWEE5EMEAmEEwiMC4WTDReCBYWFio4bDIOIkhEPB4eDA46DjYuHBQWBEAqSB44Ok4GEiQIDhROMkAaFCo0WBgeABAMDhZkRAw==
2505.00557,mIYGjpqLhRGQhpgGgwMPkA6YgoyQioEVAxqflI6EFZgIlAeUhAGaipKFBQoXkYeaCA4EEBOABweVAZuQiggCBhARARaLlJESA4GbDoKNDBUMigIVghIQkhCIAoiFm5ILlgiIFwISBYoUhYwRA48RAoqFlIEDjwWSDoQLkYyHEwuPCQMNjYiZlQyFjIMDBZOTgpUREouEkoIDFBaCkhYSEguQjouABwYVjQ+LhwmQhgkTBw2SkIMJA4iFgwAQCwaNEYAKmYMBAISEEgOKkIGWnBQNgQ8bhBWMghaCkZIaBA4JCxIHgAcCkI2QiASIghIQjwsGBpCFgQqFBouQlwoOERKIE4IHghQFA4qMkhELkJYMhgeFl5YREZGTDASRhoqOjIoWixkHj4mMooOPkw0Ki4EDDw6VCIKMCpOBB4MBkxaFAQMNEIeGCYWHFYAVkQmNgAIACQwDjQ6SBQUHCJEGi4OHA5CKBo2KBJKNDQ6DkBSSkIIZCBYPB5KPEAkRgw8KAwYliY2VEhOICQaNBRQWBgMLk4wZhQgFFZOFhgoLAYOMFQcDEg2GlgEDAImIFhSCBAkQkAICiBWEDYcQmAgWCggLEBSSAw6DFAwEhBCRBBAAioEOBIyIC4kUmZaEiIWIj4sRi40NhIkBDAuNCYuIDgOTCpgNEIwMEhCCE5oZCocAFI2LBwMTDwYHEoCBDwMJCgoVCpODkRGFDBWXjZWRAwCOAg8ThoQSBxWJC4KNkw0FiZgGBooQjwEWiAMDkIMCmR+SBA2MBwoGkoONAQKGCAmPjomNkYKFBgqQEwGAEY4FlQQDgpIXgICXjgYFCYmAj4eGmI0TgoEDkgoJDBgTiAWSiAWKlQ0KiYiUkQoBgImLiIabFJOCCQ2GkwqJggaDDoUKj4kFhoQCBIQYBASNhJQJlYyIjQYUhIoJFoESDpIFBwoPlREChgATAYaTkYcNhwQKAw+KGJEBlA4KggYTiAaJi5EDEY4YFIKCghGOBgkIBImWiY8Fj4QKg44IAwOHCJQPkZOJioOJCpsUoIeBgoEBiQWOkBKCh5aQB5YAC4iGDhMDBoWWmZEBkJQKE4SLBAGFhAMHhwGUCQEHjwSHCJSJBAONDQUFko+PC4+CgoiJBoMDB5MHiBARBYOYhYaSEogQCpQZmQWPi5SCjAoHhZgPARIDFASECwKIlhMTiIGHERQTBoiShAIVBQwDig4EiIMGCQ4UChGKhIIIiAOHhZOLEggRhBAKiwsBE4cRg5GMEoUKgRMMgo4IjBGHlAWLD4oFDJCEBRQQgxSMGQwMgQ4AgQWOAomNjgcJgY2GhZOQB4YJBwYKi42DBZiTCAgDhIQMB4gWB48FiJqZBIcaEA==
2505.00561,kw+EkZgHBRMJGoyNghkXkQEMhJuRlwIaEBOUlQsTAxEPkIeCDo+bBYMMgo8ckIOXB4gCDIqSGYSPhZkUhw4PAwoMDAWUkIEYi5eIgImIDwASCIQBjg+GCw2QkIQClQoHkAoDhASGBQUKkIMVj4sABACLAIwGDRiXiocRjYiWFwwEjgWUkIeBmBmMk5MPA4eQApACEoSKj5EKDYaIiRiJFIOBkIYOABIUhIuKAI6QEhEYCBOOB5QIg4iQDomDE4eGDggNgYKGhIWOFJQGkIGJm4yHAhIVgYkHhoELjAMSkoIOlAWLBZmSBIWSh5MHCQkFCIgRA5YNghUDDBAJjIsOEBeNiZUTkAkTF5MAkQkHmIMEA4eGmgcWEYGHBJUHApkViJEDBhWMiAGHooUFBo6Dl4sWCQ2VBYEFEQCJBQCJmg+BDpCJCY8Gj5IBD4qDhwqVjgWIAZEEihoKB4EODRaJiY2CEJCCjoSSA4sEEZYRmgUQkYMEFQmKhJSIkAcEkRMHhRokj4SWioIFBIETBRkMBZEHmooYiI+ZCQOEhoMQDQOLDoWOgBGQDROTj4+SEBaUFxADjJGOAw2NkAEZkAMQA4wEBhKTCBaRCQkLgwqEDxaRk5KEg5IBCIQMkYsFAY+LiJASBgMVhxOCBAiaEwOQg4wHEYcKA5EREoGHgY8KAYGLB4gHhYMQFA2JkIcVBYiOBRUCgoELhxORCocABJqEgYKZEIsWCgIHBRWOh42CiRWMCocIBgEGAIoFjRiQh4iCkxqTBxUHCQgahIMRgQIDgg0Dho8Ii5cFjQmTBoWQAAIBkpqAi4+AgoQSkgODBBMJEo4SDwIRgoyDiQYNCYgZCQqCFYQDDQKMkImXmYSShYoKBZGQE4gFig4RlwUHE5SUFYOQkhGFBRCTjoiBhhKCDI6FkY4JhYMVh5CQgJMNDJgVEwgLhoGIgocTihOHAwAGBgMPBhMSEY4YkYkPgQYSiIYZiwATh5AVG4IGgxGEAw2Qh4WSmI4BgpMNlAiBkQ6HhISUiZWaCQGEEJURnpGEEQSAEQGNlYIEgwINgQWGBwqNhQQCiI6Ok46NgZEQDYUJh48JFIIHBQ2RBAmTiIIDEJSKg42EEJYIjISHhJYGi4oBGogEBwOAjoANChMQDoiSFZCIAJADjoQFB5YDhhOGAYkUD4YKhxOOERCTjIcFlYASkYYTiZOTgwIFB4YXBweVj4QRCokPAZKCgRARC5eCA4wADIoFBoaGk4UBFQsJBwgFAgcIg4cHhZCLhgAPGQKLAJiHEY2XAhENAYSNgosRFwAHjBeEDwOJkISCk5ECDgKHD4yQEJIHlAGBBYuHiREKkoQVCAWGEg4TDYGHBogYhw==
2505.00570,lgaKio6KDhoFFImFihyCjgOIgpgIhoQUFhuXlhKDDxqKjgIGBwKdhgiBDAECmQWcioIBkgaFBwGUk4oGgAwTChIFAhGKmgIEBZaTEIMEDIcWCxINEgwRjROSjgWMkYIUkAoSFgILFIkLlwEajIuIEpWBkIcCjxSDhogJjoaCGgiOhwcKj5KYlQ+PipQRko8FgZEUEIuZlIcRkhSPkhwPAQmPk5AGAQYXmZIRjwWWEwMcBROPiIQDAZKIEAQHBwKDCwyDggKDgIiTDocElwCOmweQiBMYioQOCBYKhZIRAIMUhwmChpSXB5CXBJGJEYEABIMSBJABlBAFCwKGlI+KgQqUEQYakAgVB4CMkwYOiYMRBoeEkYwXDISBD4gDgo8PhYOFjBgEiIGUooKEBwSHmZGPgwyVhYmPCIOTCgOLlAwEBwsJDo2DkAWBF4QBiwuVBoECCAMHkRqLhpQLDgQQjA+IDZmQChEQg5ACCYMQjxaGiZQDERGWgZmQkQkVjomBDxYkEhGHGASDEgqDEhgGBQEIiQ0ahJWUggWQhwcHDgwLGIOHk5KJA5ILlouTAYaXC4YUhZQEBAUQi5EMBBEVggIJBgiOBAuBAhIUhwSCCQ6FCpKEiJeQgYYElJqQjoWFiIoMiQKHDYUKhQOLDZECBpQIloeHEAoHCxKEAJGMEgkDB5IOgAQXB4WEhRSBAwGQAgAUkYUVAQ2MEQOQBouKkRiVEJELDAYHFwcPkAOEhheCC4QGi4EBgoOZjgyIjgwClR2LBhMFCxYOjZARjBKEAhCFio8Ck4qJAQgEA4mQgggKiJEOkpIEDgERkocMjoMJAYEVAgkXhwiIBBMTigkUgYiHk4SCBwWFjJGWiBGOBZKGAYOdE4mICgsYkxUGGooECZOBlIYIgxSQBwKQgQ8GCJaBhI0IjQILBRSKEYURg5YGERAEgoeDkAKPhYSBkYKHDwkACA2LCI2FlgQQB4gDiZAGk4wIkpMREQUCgpGIgQqJjwGTkY6KD5IGhIACB4iGD48PEZGGAAiCB5QVoAoBBoeCDoyEho4DD46HEYWUEQUKBAgAgwWXlYuCBo4VCAyMCYUGg5AFipCWEAyKiocOAZeUCoMKiIsVAwKHg5UBkhIEFZAMhosOgw+FBoYIBg4DEIqMEomCkgIFE4aIiw+ShIEMCQUJAREPBweAhggQmZEKBAcXEQmTkBWZgoYBgRMNlwgOhokTEoOOi4UEko4FioaUGYIRkwWTkguUEAYHDAuSgoONBgQNiI0SBZmEEgiNEYSOBZOOjBkWBQqSC4IBhoOXixaGhASPjwuRg4SBiweRB4mLGYiDh4QNDZGNAYKIhI+LBYsDDAgDAQmEGAIUEg==
2505.00579,khORDpKJghEOCIgEigIBlYuSkZWJAo2SFxmVngEGEBQWlZWRiIOWChIEiZkOkwCXGYOHD4iICBSHE5YPjQWZBAgTAgiMi4MZCYSUEoWHkwcOCQ+EmAUFCY6RjpELmosNmQWBFQ0Bh4+DhIQNjI+EBIkLkJGHAhAJjAwWkQGMCQEFkwsSk46RmQaVh5EUCwCHi4gSE4YBF4wRFRMQjBCMgwEEmocHEYoNlZMHBICKAQoYCgiRkIGPhouYlJEHB4qEAQeMAxSHhImNB4ORkoqSlwIDABUWhYgVCQ8PjJAUEQiImRIBDxCXjo2UgoKWBBIREAeCkZURhg+TgoqNgQMIDQqRjpiFhRAFHAcSlIIQDQgIEZQCBZEYEpUAEhQNkQ2Rg5IUihOIlImRowiNgQ0PBA+ZCRCSB4EPEoWKEQUIjgwEgoIAC4KJiIGCgBUHjgqXAAIWAxIFjBYJhoKThAQEjomIhYWBAIeSkYkCFYgOkBORloOQDYaPh5oFiRIIi5aBBA0nhoqYhoOTgAoBERmMCpAKkwUQhAIPGgGYAwWOjQoQEZARjoIDhIQXkpCJho2HE4EHAAWBFRAICJEJgRIViYsGigaCDBMDEgsGh4MKCAgTCJGShY2BA4gHBpmRlIMDhhIDhZYVCIEPghSSB4QGCYsGBpIREwkODhCLFY2BCpGFEpYQBIqHExAIjwmEDZUNjwcIhBGNlxCQiYeUEJmGkoWNh4GEE5WBhAuOkwKLlRuMg4gFi4QKlBGCjQgEjQuDkhsBgYGFFQEIjYUIghQIBwMTgooBEoyCjAaAgpODBYoXigYJk5AMDYOWi4KCDogQk4wVDIgRiIqGCgYKAYsEEo6Rj4qRgYqECYuVkwQTkYiNA5OYGwSEgQ0ZkxMSDIgGgo2GlhWFCoMDBAMKh4OFBYKGhRILigYUiYWBEpUMFYQPhAKHlocBggwQjJaFkQiCDgWJBQkPBwgVlYCRhI+NBooRmYEREIMSEYQEBg2NCoIFhwWFjw0Dio6GkBcFBQCKDIWTkYUGGhEHhoSAoQkAh4IKFIyAmBANgwUEg5OGCBCAABQMF4qLiIyCDpUQB40CBgsRBYqCi4kEGQ6QkQ0SA5MBhZCQgokBmBeRFpUTiQ6QFJEGiI0HiBQNjAKEjY8XBpAHBZiIjgqGDQGBj5ADAJGFhxEMBIuVEI2GkAERlocJDYcYFoKHhwONCYwIiYYRBAAHhAIGEIuGgIoGiwSOhoiGEAkDFAkBAQySGAOEhIyPDQWRhRIRjoWOAwoEgw6FggKED5ADAxAPiAqNEBUQGAiVhQGWCI+IBYMFjIaLD4SBFAgPEIgGiQEBhIoCgw0MjIIGE4oDAASHCZoJjJASEA==
2505.00603,loUDh5iEBxIPC5KNhxQLigWKkpaTkYcBhxiblBENh4IVjwgBAQCaiAKIgpWIkYSbhIIJAYuRhg8FFJUTkomAmYcIAwORkZcKiYOSBoOUDg4VlBkDjhSUigmQDAIKihQHlBGBExEZl4sSkY4QAoQXCAEUk5UKgxgBA4EXk5yKEQcUDBaDmZGImAuIFJkUBY2SBgCCFAYCAouMGIOKhxaPGgmBmIcADAoMjY0ChYeKhg0bCBWWkoqBjYeSgo0RA5CQBwcEk5mRk4cLB5GQmImYl4CXCAYWggeGkBKEj4cYkBcLhBiIDImHB4GIAYaVkQYDhIYOg5KIkoOIiQ6LmJUFCQSPF4QEjAcQCYWQjQwTkIMFDgAFjIUYDomQFYILkAKIkYsQjxqSmYuMo4aRBQMEhImMBYSWAYCIFAGHhYqImgOPARCJD5OTDwOGEgYVCJABhYkSEQqIjg6NAQMKCwkCipOIAocLDYaFBJOBGYISghCPj5YEGAcCEJKQhQgSiQoPEYEkCoSTAQAEBgQIgRAHDhICkIEYAgGDEROCkQIWEBeKAxMYBIqRgwOHgomGAYuMAQYVkY8OjgwBApMSlYkYggICkhCKARMHGRWEBxKBCBQTgYgFiIUDCZUElQSJAZMCkpIPBoKChgAIERCNBQkRF5mHipASE5GBDhWIFoaEEY4FDIYEC4QMCw4OlgqHDpORggcGh4iGjoKBDIyViomLAQ2TkAcFCQUbgRkJjIORghkIDYKLjIoTiYIblBEHioWPhxyGhIQAiBoIB4yIAoiGEYyRhZaGAZaFBw8CBI0BkQaImJQSiAIIDQKZkgwRFACHgpEAhYoUgIsChIMQBREFAgiKhQOOBwiMg4WakwkQjpQKDJGbEQKRiwMJkhOHEpABA4gTjhOHAYOSggULiYaRAoWAiwWAAoQKAJMGB4sNBQULDBcTigsRho0IB5OUAQqKA4mIAQkIFpETAIQIg4MJDIQTlAmBCI0SGIOPEwWEEYIHmZGLAwqPlAwNgYIBiQSQgIKTkYWUDw+CgYSOn4SGE4UDhoOEmg8IAAOGA5aBEQcCDxAUhIWYmJERjI8KDAoDAQMVhIoABIOGFI+IgRUGCJQIBxWTCBEKgYKShoQAkIKJGYCBjwEPghEDgQaBjoOEDpODiIOSkg2GjoQEkxOMhpAFiBQChRKJFwWPiQgLhQYLhIEDEIqJBIsUggQPCBGTAQ4FDYcOh48KBIgRk4oLBYuOCAgRgQOShACDFwgMlI2OGAsBjQ8UgpSTB5YTEgOPB4WRCYqSERILhYyYFoYXEA8GjBCQgIoDA4yEjocSA4OBhoKCFhIPioCREpOKDgMNAxEKiYcYgAMFBYeVCYcDiw==
2505.00624,nYuCjZGGBBiTHYsTkxgQiJCOCZeLhgkMEBqUjRMDhBSCAI2VB4+cBgaFCJIUiYeaiIaCCgmUFgwQAokYmBEDAxmEkBKMi4SBgZKaEAEUgxIUBYiEhQQGCQwDEYEKk5YBjw8GDQQShocXl48SkZKBF5cIlIMSkxGBjgUSjQOYGAUSlQmCmYqOnA2KkYEPh4cAhJkFDY6XloMICBCRjxkDDBOAlwIRDIYajZMMkAKKAQUSCwyQkAGCho+PGJOBiQWPBw0QhYKGjoSBEgGUmIqLmgYNhoIPBgIIDhIXipEXAgYNhBYBDIGRkpaDgI+BCgoSgYWChJiKAQkGCwOOiAMKFguSgQQTiYAPCwmEBggQgAIFAI4Hh4oaAZQJBJEQjgKHiJSEghcPl4eRohCUjIqOiQGSA5CTkIiUDwmFjISLiIQMAoGMEI0MAgQAGIgGlxCQCwGSBA+FihWKCY6JBggPh5SGh5KVAxGNh4sDBhGGkRKTjogKCxKQh5mWBQINhIUPCwwlFYgPDQeFEQwKFhQTEIsNkgEYiAWHFwWClQCEhRYBEgGRhZUFhAuFmY6YCBWTGAMMkoSNhgMSD4QRjAYYB5aJhQiMhgeHFIgQEAMACxWEhoqHgZGLgQQOkpgDl4yAjYeEiIAUDwYIAgiVCQQBBoWDkI4RGIQVAoaPDYgMBQOHEYYRBQEUDAwGihEMA4ySEgQTBYABhhGNCJCNipSHjQeUCZEQDIEJhhEHkIUFjBYFBAUChYYBkJAJjwKHiY0IlRqTAgqDARQHlIGGAIaDCpGGjJKQjIiAkAWLD48JBhEDlYsBCYYCEgUJkAQFhocRFIqEiQcRhoyCAYsEEBYXEhGTg4aIgQGJjZCOiAqNg4cRgZmWGQKUBQUaiQ+RC46GDpGDkQMIjICTCAOGiImIEJEEjAAEmgIQhAaTEowKAQSHhBKGgIiEgYkOEJKOlAuDDgcFiwoKEZIHkASOEwGOiYiEkpEFhpETFAWKhAKQBYWRloCKkZCHhIoPkRKDhwcMhIADEI8BBhWGA5cLnoKPCIKFFAcEkZAMkoaDEZOWCgeBFQwNAYuGh46JDQQTFY+Di5CJk4EEkBKVEQ0DhQUVhJmEBYaADIMYhwGKjYIBkAWEGQQGBZUKiAmBB4QRDYsUEZSOhooSj4iJjJIClAMFCZEZjBQZBAsLDwGEgBSKi4cJAw2ID4WYi4kVFQGFjQmUBIEQlAIWBIwJAgkFiIiCiAORFw4ImBADAwGGFxqCAQKNBwSUAAsZkY+Qg4YCE4KYDBAUFZKQiw8KDAKEkowPBAYCihIBhAGWhIGCi48BDoMCEwqJEBCNhpKPEIqUlRGAlJEJhQ4OEpAXDAwNC48HDg==
2505.00626,lpWShZiGFRYKkZKBjBOFiQmZBJSFjQcWExqclIIIDYKEjhGFBJGVlY6DAZeKjYuYEY2SC4KQgwMHDQgClgSIgogNkhGGmI8QkJGUGoyKiRAQhA0OCBsFiQqFjJUKlIIEkROBAhAEipcDgIMXk5ELBwESjpUPjgOIAQcTlIOSFASAAIEDg4SZkgKWg5IShZOKgoMRG4iFiwULDoECkhwMFhQElQEMgpAShYQKhRKRjREEDg+TkJEBBgyDBJYFBI2KEQ6IiYSOBY8DDIWPmImNmQSWDw4QAgwCDxUJlJgakQ0DBRWIhguMgJWMgYmBEwoPi48HDJaRjAEEFYGRiZiCDwmSAoATDgaEkgKTig4UjZEUgIIFmJAYD4WCEZKMBZaRAZINARkBjoSKoQKClAkLlocEDQSUkYSHE5QOkIWFmBoDhxEUB4cBBokBC5APl4yHBwSCEQwLmBGTgYeHCJEPiAIPAZgMCBMMhYqBGQyClQmIE4sRCwUGApiBi4KQh48JhBcmGZKbhxAHBoORCgkWBgEQlIQVCYkRDQuOhIEUjQwLExCECwkOkIUBkocLghWWCg0RjpMJgoYRCpEOhA8ahYoRkwSVgogQFAUSkgeSFwGEA4iIAwkDhJERmYiClYwDjIoLAZQMDIUPBAaCDQGBGIuKgo0PBZEKBRQBEZIJiQyAgo0DBgQLBAgFAJGFj4iRlRkJF5CFlA+JDIqQiJiEgA+WAwoKiwWCERKFBI6QiRmGhwYQCIsQAIsaiwkIixCClx4KhIUHBoEJlAmCgxOCAwSFmJCSg4oEEAsOF5GIFAoTj5ODBZEIBIKDjwILh4gOkYQBjAATAAORhowXDxEKgQ+RgYOPC4mAhYiShwOJAoOAhwGVFgoFAgcGlBKUBYyDBpAQBBkRhAeCEIaBA4CHAZCQAIWDjQoUAYqGEwAPD5gEAAsPj4uDEZMXg5OQmISFAQQMhQIJE5kSggoIggGFhZSNkJiGiAMKEwoBiZCJgQwRk4eSkgmFA4wEggwUgZGDBYkGj4yLkQeQA5QQoASLCwqAEIaKk4MFD5KRBwWKCxSHEhIJFIOMB4UGi44TipKHiAQPkAKECQgBFw2AjwaCBJOREISKigYVgYeNCZMBhJKHDRIEh46GgwMOEYSQAo0JCpaKkZISmQiOi4QEkBOHBJIYARYKlxINEIEEjBaFiQGGGAkBAYaKgYkVDQcAhQiTkAcHiY8RkAkDhAeMB5IAAZiSDxEUhRERjhWMEgiPAYiDExOPCQoRDoKLhZCEgwGJg4yCA4GRgRkFBBGLA4ABCRQMEQyBjAAHjAQEAY6JDo+MBAeBEhYNlwAMFZSUlhGBho4MAYYRAgwIAIYCGI4QEA==
2505.00654,lIILjpmNjBIGi5KIiwaSABOUnYuQkoWKEB6dmIKFhoYWhhcECgeZDgSEA5gRk5KZDoeEgwqEgA6IE5kLk4kEihUNgguQmo8MkIWZEQUMmA8WiQwNgQkDkAeFBIYRlJQIjg0EDRURhJQNjhUQgYMMFQgWlZSFjomGAYIUkwiUCoqGgwgEkZCSmgiCBgQRiZCVkZILF4SIDYAGEhWJkhuFGAyKlQIAFBYajY8GjQmUhwoKB4CLkpCBh4mQgpMNigKRFoMLjAKKAZuJDoMBkoaUmgkJgQsRDA2FC4MMjJMQBRuBkw0AiQSAEwqRjYeBhwEYi4mACpgBkwaJjo2GjpEGFQqOA4YRlQQHCgWGAxSCkZCABYARgpEAEISSEpOChI+Sg40DkBgLmI2JowsClgAOkIuBEQOYhQeSEokGhwcEkRAFFggDCY8CBgeLFQYZCIKVEJEQgQ6HiRGRhI6FCJECh4MNgYaQEQoHCICDGgIElAwFFQILFAmDC44OCYURi5MMiRYmF4WVCxcPAoWJARIKEY4QlIUWiogFGYuHgAWRBwWSBgoQAQSEjYgPAYEEBoWMgQoPgQeGjQYDDoyBAhIQAw8GjAsLBxKCGA4QBhABCgQHC4aBhYeICowPjY2TlgQDmIkQiJCGhoUGBRIJGQiLFYeKjoUICpcCFoEHA5ILAwgKEJEFgACSFhIQBgkAg4CMgIoTBJgPBBKFh4iXkZiJhRWQCAMRDQAZEhkGAZWShxYSg4oMiBMDDQwViAEDiYmJkR2QAxOQCgQQlgeGgxCBCgCDi5mOhJKFjgqQEYaGhpEFnJIFhAcQCYOSl4MBFZACiIkKBo8ZkQeNiRcNBRQHCYCRBYiHggIOj42ajwkKAIwEC4ycCQCNgoYJjBCHDYkCAoEQjRcMjAwEEQIShw6GBYkCkAeBixIQBpCMDpEOCYkKBBSEkQ0FgpCQEY6Qlo2OAYGHgoSDEZIQlREWggSDgoeJj5KACIsRgQoFgY0ACgOOg4qZkgAOigISAQkQBoiJFIsKjo2DhhGEC5INoRaMBQaChQQClgcDAYOYBY6Lg4UAD5IWCQGVkYMDDYoKEImFBJCHBI0BhIKHAYkGlYSWCZOQBQSOBwgHjIeDi5AIkIWYGAEOA4iAhAeFh42ShoOSEZOKgI8JmQeUEACPjwqFBJQSCREIFocCEQWMgQiClAGGFoMODoUAAYkZE4ODlBMHgwGCAgcLhAmMAIOAjAyRApOQCQEQiRaDDYqVGAyIhoyEEQeFiQwVg5ADA4oKgwOHBQGSCpSFiRMRC4aPEggDDRUCAgSEgoOLD4wDmZERB5GJFgeEB5MMiw0FCgCShwkNCIMTioQWDAwDjwKVDwIRAA==
2505.00661,jIuMhpaTiB6BCpoHBRYAgYSHipmHgxOTExyYlwsJEAINkoGRE5OWBxGCiAcImI2Yhg0ADIGSgwsOgpMQmIUJCg0FgQ+UmwUBg4SYDZSGCooFARMFjRCBhwuNEYwJiIYNjg6BAhYVgJANiRMbjZERGYsUigiEhBSFDIUTiIGVFwOGhwoKi4uDmwOLlJIVDJMIB5EVEJGPkQgQExGWiRUHggMHlYgHDokWkpQUBQqTEhIaBRGHjQMIlIqDBYQJiYKWEBALjASEDZUKBISSlAubnhKLgQUQAw+KEYQUlogagAOAgAyJCACDEJGVkIqNDIkNgoUJBJqFBAKCBQ+Gk5GCCBKLj5QIjQ2ACIaKiIwHg4MQggMQk4cZB4iTEYEJjAsGjJIRgRkHmpmToRsFgoEFlAECA4SXCJQOCYaLAwUSkIQLgYQCEZSLBY6CE5EDkISQAQqSBAqBCwyFBIGCDYUMkY8Bh5SMjQuGDI6CGAUFlBKRA5MCEQWIiJWQgwuDgQkLFBAlEYKGGAgWBQUBEBkCCgIIlY0WhIiIFIeYkAqCEgoDGAqDAgEDjAwKk4+LiwKMEYYQhoyEgxMDDY0UixMWhAECgBSSlBCGEwwLCxIBEw4Bio2Sg5KHAoALjpqAjogCjI+IC5CLEAYNhRCODYEGiwMFhZUGFZAKCgeGEo2BC46HDgoFF4ECGBGCi4sQB4eXCQEVApEIkhGNg5KVgYqQjwqTjpCRhgwRARWAjIcDhQoFA4aAiYsQloUHkgSOjQkGjx6PEBANDxQSlIOKAQoIE5OAiZKRjZOMAgkThAKJBA0HjY6DAQICFAEUlIQKkJQKhIkGCwkBkJSRh4aFFgUKD4OEhYKCiASFjo6ZkASIgZIFAZWYAYOOiI0LlAqRCYcGGAUUjw8MhpCHEYSJgwCPBpMLhwYIhgYHg5YLBoEWgZiHCBWHBoeRBoYNF4WRmIgOComIARAJGJUakAgEg40RAZGNiYIRh5IZFQaKhYWVCASFmJCSkhSNjYYSkhWFEQSEDw2GhI2EBgwDjpYJoQOGBgWSDQiFk4oSiISUApWREIGGDBiOgoyYAoaJEQMNBYqHhA4PAIOFlAqLFgiCkRGChJaFBg6LAo8MgQaQB5YKk4WKEREUCYgGAhICDwaDCJEEAYyJhokEBwiGhZaXjoKFBoUIixYBEI0QBg2MkgsRkgOMBgkOCgaOiYwOA5KIjgaVCwwMhYgTBI4GgY0FkgSGDgaIExQOAAGLDgaJGgoOC4mPDwSGhJEVmYmHi4EJAJOUCwoNDYoCgB8XBISLBAQQiYYHhBGHkQKLggeOgw4FhJGEGAeCAQQFmQULAZKUiQwGkpIOBwwSExACBYCBBwATjg==
2505.00662,mocDkoqHgBaID5EQhxWQi4eJjJyGkQwVhhqbmheGAoUKkg2SCgCajAYGEI0VlI6ZBQ+FjhCIFgkNhI8ak4QPBQUIAgUEiJMVAIeZEQAAAQwQAAAKkAkKkgoIhQaFh48BlBaFFYYUj5EIkQQRjIQDEZEBkpCFkg2GBIUVk4WQDgKLAgEUlAOKk4yEioQOjZOJg5aGhgKFhREOE4SRjR2IGRIAlgSDFA4Rh5IVkoSJBQkZEA+QA4uEgI+DBJIGkAeCFgMIl4GAhZYSFQmQlAWKmxALkgEYDASKARUGmZgWBxSDAggGgASGipaShRCGDgkKkJIDA5OECBmJBQSGkoGCDAKNBYQbkRAGAQ2PjgaDiJEJA4AEjpEajYKBgp2CBY2JB5YFjRqBl5KOopOJB4GGgwqXD4iWAQYCBISFjYOPlAKTEZYCFJIKhIMBDooTBIuHDIeEiBERBBmMCgMPBg0QjIaMgY2ShYaIBpCCE4oIkAiNBJENCgOEiJqSBwgNCgcTBRoljgOMhBAQEQOJAxIOBoQHhQQZiQcIGQSRkIKHAxgGDQSKipEJjIYPkY4DBgaME40ViYYEgw4Rg4sVAAUSA4AYEhWNE4KVDgQKiwiLERMDg4wIDAWMA4wJjo6RlpCCBIIMjpCIBwcUE4GSEQ4LgYUGh4EOA44OAwoEE4sCgBQFEpSCDwQRDwkKjYAIBIyZhIQNCoWFigiQA4uJjJSCiYWYCJCBDoQKgRULjY2BixIMjo2CDoYGBZAYk5GKiQqAmBoTEwGSDgAEh5ALhAGABggNkZKUiYeRiQ2DDo+EEIwFmYMCAIsRAAOUkgQEE4MLAo6GgYEWk4KBBhEKCwkVgwYFj4KUEQyOkI6TigsGjJOLCY2YEoGSDIwLi4SHBIeJGJQNloAPiwiBhJEUhxABFowHiYyIhxEVgYWJF5UUEQILBxCQiogNhAwCAoeQko+HBpERAwMMG40PiYODggMLAoaGh5MPBoUcEgKPiY+KBRSCmJSTlBKUCJAXCoITiYCIBoyJjY+FDA+HEJIHoAGGApCNCoaDjAIaBoWQEZKIEQEDgYUUAY6QlASBDIcRCY+KhIONkAgDiAKNEAqFh4UCEZsGBQuKCI8QiYOEjwIRg4uSFAMKgYmDhomPB4mJEocOG5CLg5oJiISRiImNiQeGApkWAxgYBoIFCAuGARIFkgUGigwPGQKOgI4PCASDlhGJhwYLiIUQjY2Dh4+EiwyWhZmSCRcUghOEgg8EGg0GAgOFDAKSAQkSh5ESBpiBigSPgQqKhgSPiggRAAMHE4oNDhESARkFBIiBCY6LmIyMkIkCEIoQEwwBjoEKApaSkguTAYIJEIYUAQIKiY2SBZUSEQ==
2505.00703,mgUCAJOMkx4GDJWHjxaFiYYGBZmHlwYYgxaTnRoXCIMLmIqYBI+cCAqBFpUMkwaRk4mOiYSRCgeSBJuEghKEBYQMhguDk4sOloiVEYEJCxQVAQIJjxAFgYIIjpGLj4MFmQiUDxEKgZEaghANmYgKA5MKiZEAhhAEhIYblwWUExKIjoEGjoSNmQEBBJcYDZaVgZmHDoAMlgUEhAOZkRiRFIYOj44AiQITh5EGDRQBgg4WChKVkQCDg4WIAgINEwYFAo4JgQGEgpkFD5Gah4aSmRKNhoMZApQCiIUKkosYA4QUghOFjoaRAoqaBwcFAwSNgQ8LD5KJABWPgAeBkgqKARKEEYcWkhQLEoOHBIABBAgCBggSkQYVBJCVjYOHkAENE4YDiRuQg4iDoocChwKIkouLAYmYA46GBI4GAIaHkQuUhweED5eJCZUDFYsVjw2DgwMSBwgRihIHlYMKBY6KkY4ODYGDBBESBYyBFwUMihaDlZQLGQmEAZmDCQWAgQOQBg0lCgCUEYoHA4aIERsQDQkMk4AcCAoDFAuLhBQGE4SJCIcGi4GCBhgPkZAGAAKREJETkooFhIAYjJQNkQgYBJMMCBGNjQUEDQoEhg4RDRICiwKIiYwDDYeEgZSYlJGIkYYMi4WPhQoNChCPCwcIj4gFAQYLio+AEQUPBQEJAwUIi5UFggcPEwGQjIYBA5WQhYIJE4uBkQKBAoKQA5OECwiLBQIMDhEOBxMLmAmRhxmQhAUNjgEMg4oNiwUEkAODlB6FEhWPCBCAg4gQCwGGAgQBBJaKgZCGCAsMCI6REYaKkI8Pg4AIEQKTjYcOB5EQAZWLggYPjo0MCw4JCwkGCAcPigyAiYWXAISYiRGQhpiQh5GWGgKDgxEHkxORC4yQC4uGkwIOC4aLjhGLAwCBhpIAioCIF4QDkYoOCIYEDZcEDQcDhIwSBgwGBY2TjIQPEYsIAQ8HFosagBAFB4QMgAUYjIiFCpIPFwYMFoaBigoBlBeEkgmLioQOgoARCwiSjIoKlgGEGYaQkJgCnwKCEwSHgwODjRGHh4sBhoYEDQaQkBEJCIqSjJMDAgAQBJgDioESBASFgwMLCQmLh4oLGIWbhQuRh5GLhoiOAgeBkBKXEQQDBJOFkBIMA4IViZcHAwQGBZoBgwaRlQOLhwqEhYcRgguCBAsDEIkDgwuClQcBDwoEF5EJgwOBEYqDjQ+XggQQhI0XAQMMgwcOiZYDBoGNChIUgICVkg2FFYYGjAWAA4WHhgwTiY4LBpIMBBiADoqPA4sADgYHBw+QCpIRkAuHjRgDA4eThJGUlpmKhIaDEhUSFoMWBAOIFpuCjYWDE4+BAIgGBpELBQSREZYTiA==
